title,author,url,cover_url,rating,summary,genres,number_of_pages,time,amazon_link
"Dune (Dune, #1)",Frank Herbert,https://www.goodreads.com/book/show/44767458-dune,https://images-na.ssl-images-amazon.com/images/S/compressed.photo.goodreads.com/books/1555447414i/44767458.jpg,4.26,"Set on the desert planet Arrakis, Dune is the story of the boy Paul Atreides, heir to a noble family tasked with ruling an inhospitable world where the only thing of value is the “spice” melange, a drug capable of extending life and enhancing consciousness. Coveted across the known universe, melange is a prize worth killing for...When House Atreides is betrayed, the destruction of Paul’s family will set the boy on a journey toward a destiny greater than he could ever have imagined. And as he evolves into the mysterious man known as Muad’Dib, he will bring to fruition humankind’s most ancient and unattainable dream.***Original, first edition from 1965 can be found here.","Science Fiction,Fiction,Fantasy,Classics,Science Fiction Fantasy,Audiobook,Space Opera",658,21 hours 56 minutes,
Fahrenheit 451,Ray Bradbury,https://www.goodreads.com/book/show/13079982-fahrenheit-451,https://images-na.ssl-images-amazon.com/images/S/compressed.photo.goodreads.com/books/1383718290i/13079982.jpg,3.97,"Sixty years after its original publication, Ray Bradbury’s internationally acclaimed novel Fahrenheit 451 stands as a classic of world literature set in a bleak, dystopian future. Today its message has grown more relevant than ever before.Guy Montag is a fireman. His job is to destroy the most illegal of commodities, the printed book, along with the houses in which they are hidden. Montag never questions the destruction and ruin his actions produce, returning each day to his bland life and wife, Mildred, who spends all day with her television “family.” But when he meets an eccentric young neighbor, Clarisse, who introduces him to a past where people didn’t live in fear and to a present where one sees the world through the ideas in books instead of the mindless chatter of television, Montag begins to question everything he has ever known.","Classics,Fiction,Science Fiction,Dystopia,School,Literature,Novels",194,6 hours 28 minutes,
"The Hitchhiker's Guide to the Galaxy (The Hitchhiker's Guide to the Galaxy, #1)",Douglas Adams,https://www.goodreads.com/book/show/386162.The_Hitchhiker_s_Guide_to_the_Galaxy,https://images-na.ssl-images-amazon.com/images/S/compressed.photo.goodreads.com/books/1559986152l/386162.jpg,4.23,"Seconds before the Earth is demolished to make way for a galactic freeway, Arthur Dent is plucked off the planet by his friend Ford Prefect, a researcher for the revised edition of The Hitchhiker's Guide to the Galaxy who, for the last fifteen years, has been posing as an out-of-work actor.Together this dynamic pair begin a journey through space aided by quotes from The Hitchhiker's Guide (""A towel is about the most massively useful thing an interstellar hitchhiker can have"") and a galaxy-full of fellow travelers: Zaphod Beeblebrox--the two-headed, three-armed ex-hippie and totally out-to-lunch president of the galaxy; Trillian, Zaphod's girlfriend (formally Tricia McMillan), whom Arthur tried to pick up at a cocktail party once upon a time zone; Marvin, a paranoid, brilliant, and chronically depressed robot; Veet Voojagig, a former graduate student who is obsessed with the disappearance of all the ballpoint pens he bought over the years.Where are these pens? Why are we born? Why do we die? Why do we spend so much time between wearing digital watches? For all the answers stick your thumb to the stars. And don't forget to bring a towel!","Science Fiction,Fiction,Humor,Fantasy,Comedy,Science Fiction Fantasy,Audiobook",193,6 hours 26 minutes,
1984,George Orwell,https://www.goodreads.com/book/show/61439040-1984,https://images-na.ssl-images-amazon.com/images/S/compressed.photo.goodreads.com/books/1657781256i/61439040.jpg,4.19,"The new novel by George Orwell is the major work towards which all his previous writing has pointed. Critics have hailed it as his ""most solid, most brilliant"" work. Though the story of Nineteen Eighty-Four takes place thirty-five years hence, it is in every sense timely. The scene is London, where there has been no new housing since 1950 and where the city-wide slums are called Victory Mansions. Science has abandoned Man for the State. As every citizen knows only too well, war is peace.To Winston Smith, a young man who works in the Ministry of Truth (Minitru for short), come two people who transform this life completely. One is Julia, whom he meets after she hands him a slip reading, ""I love you."" The other is O'Brien, who tells him, ""We shall meet in the place where there is no darkness."" The way in which Winston is betrayed by the one and, against his own desires and instincts, ultimately betrays the other, makes a story of mounting drama and suspense.Alternate cover edition can be found here.","Classics,Fiction,Science Fiction,Dystopia,Literature,Politics,Novels",368,12 hours 16 minutes,
"Ender’s Game (Ender's Saga, #1)",Orson Scott Card,https://www.goodreads.com/book/show/375802.Ender_s_Game,https://images-na.ssl-images-amazon.com/images/S/compressed.photo.goodreads.com/books/1408303130i/375802.jpg,4.31,"Andrew ""Ender"" Wiggin thinks he is playing computer simulated war games; he is, in fact, engaged in something far more desperate. The result of genetic experimentation, Ender may be the military genius Earth desperately needs in a war against an alien enemy seeking to destroy all human life. The only way to find out is to throw Ender into ever harsher training, to chip away and find the diamond inside, or destroy him utterly. Ender Wiggin is six years old when it begins. He will grow up fast.But Ender is not the only result of the experiment. The war with the Buggers has been raging for a hundred years, and the quest for the perfect general has been underway almost as long. Ender's two older siblings, Peter and Valentine, are every bit as unusual as he is, but in very different ways. While Peter was too uncontrollably violent, Valentine very nearly lacks the capability for violence altogether. Neither was found suitable for the military's purpose. But they are driven by their jealousy of Ender, and by their inbred drive for power. Peter seeks to control the political process, to become a ruler. Valentine's abilities turn more toward the subtle control of the beliefs of commoner and elite alike, through powerfully convincing essays. Hiding their youth and identities behind the anonymity of the computer networks, these two begin working together to shape the destiny of Earth-an Earth that has no future at all if their brother Ender fails.","Science Fiction,Fiction,Young Adult,Fantasy,Classics,Science Fiction Fantasy,Dystopia",324,10 hours 48 minutes,
title,author,url,cover_url,rating,summary,genres,number_of_pages,time,amazon_link
"Dune (Dune, #1)",Frank Herbert,https://www.goodreads.com/book/show/44767458-dune,https://images-na.ssl-images-amazon.com/images/S/compressed.photo.goodreads.com/books/1555447414i/44767458.jpg,4.26,"Set on the desert planet Arrakis, Dune is the story of the boy Paul Atreides, heir to a noble family tasked with ruling an inhospitable world where the only thing of value is the “spice” melange, a drug capable of extending life and enhancing consciousness. Coveted across the known universe, melange is a prize worth killing for...When House Atreides is betrayed, the destruction of Paul’s family will set the boy on a journey toward a destiny greater than he could ever have imagined. And as he evolves into the mysterious man known as Muad’Dib, he will bring to fruition humankind’s most ancient and unattainable dream.***Original, first edition from 1965 can be found here.","Science Fiction,Fiction,Fantasy,Classics,Science Fiction Fantasy,Audiobook,Space Opera",658,21 hours 56 minutes,
1984,George Orwell,https://www.goodreads.com/book/show/61439040-1984,https://images-na.ssl-images-amazon.com/images/S/compressed.photo.goodreads.com/books/1657781256i/61439040.jpg,4.19,"The new novel by George Orwell is the major work towards which all his previous writing has pointed. Critics have hailed it as his ""most solid, most brilliant"" work. Though the story of Nineteen Eighty-Four takes place thirty-five years hence, it is in every sense timely. The scene is London, where there has been no new housing since 1950 and where the city-wide slums are called Victory Mansions. Science has abandoned Man for the State. As every citizen knows only too well, war is peace.To Winston Smith, a young man who works in the Ministry of Truth (Minitru for short), come two people who transform this life completely. One is Julia, whom he meets after she hands him a slip reading, ""I love you."" The other is O'Brien, who tells him, ""We shall meet in the place where there is no darkness."" The way in which Winston is betrayed by the one and, against his own desires and instincts, ultimately betrays the other, makes a story of mounting drama and suspense.Alternate cover edition can be found here.","Classics,Fiction,Science Fiction,Dystopia,Literature,Politics,Novels",368,12 hours 16 minutes,
"Ender’s Game (Ender's Saga, #1)",Orson Scott Card,https://www.goodreads.com/book/show/375802.Ender_s_Game,https://images-na.ssl-images-amazon.com/images/S/compressed.photo.goodreads.com/books/1408303130i/375802.jpg,4.31,"Andrew ""Ender"" Wiggin thinks he is playing computer simulated war games; he is, in fact, engaged in something far more desperate. The result of genetic experimentation, Ender may be the military genius Earth desperately needs in a war against an alien enemy seeking to destroy all human life. The only way to find out is to throw Ender into ever harsher training, to chip away and find the diamond inside, or destroy him utterly. Ender Wiggin is six years old when it begins. He will grow up fast.But Ender is not the only result of the experiment. The war with the Buggers has been raging for a hundred years, and the quest for the perfect general has been underway almost as long. Ender's two older siblings, Peter and Valentine, are every bit as unusual as he is, but in very different ways. While Peter was too uncontrollably violent, Valentine very nearly lacks the capability for violence altogether. Neither was found suitable for the military's purpose. But they are driven by their jealousy of Ender, and by their inbred drive for power. Peter seeks to control the political process, to become a ruler. Valentine's abilities turn more toward the subtle control of the beliefs of commoner and elite alike, through powerfully convincing essays. Hiding their youth and identities behind the anonymity of the computer networks, these two begin working together to shape the destiny of Earth-an Earth that has no future at all if their brother Ender fails.","Science Fiction,Fiction,Young Adult,Fantasy,Classics,Science Fiction Fantasy,Dystopia",324,10 hours 48 minutes,
"The Hitchhiker's Guide to the Galaxy (The Hitchhiker's Guide to the Galaxy, #1)",Douglas Adams,https://www.goodreads.com/book/show/386162.The_Hitchhiker_s_Guide_to_the_Galaxy,https://images-na.ssl-images-amazon.com/images/S/compressed.photo.goodreads.com/books/1559986152l/386162.jpg,4.23,"Seconds before the Earth is demolished to make way for a galactic freeway, Arthur Dent is plucked off the planet by his friend Ford Prefect, a researcher for the revised edition of The Hitchhiker's Guide to the Galaxy who, for the last fifteen years, has been posing as an out-of-work actor.Together this dynamic pair begin a journey through space aided by quotes from The Hitchhiker's Guide (""A towel is about the most massively useful thing an interstellar hitchhiker can have"") and a galaxy-full of fellow travelers: Zaphod Beeblebrox--the two-headed, three-armed ex-hippie and totally out-to-lunch president of the galaxy; Trillian, Zaphod's girlfriend (formally Tricia McMillan), whom Arthur tried to pick up at a cocktail party once upon a time zone; Marvin, a paranoid, brilliant, and chronically depressed robot; Veet Voojagig, a former graduate student who is obsessed with the disappearance of all the ballpoint pens he bought over the years.Where are these pens? Why are we born? Why do we die? Why do we spend so much time between wearing digital watches? For all the answers stick your thumb to the stars. And don't forget to bring a towel!","Science Fiction,Fiction,Humor,Fantasy,Comedy,Science Fiction Fantasy,Audiobook",193,6 hours 26 minutes,
Fahrenheit 451,Ray Bradbury,https://www.goodreads.com/book/show/13079982-fahrenheit-451,https://images-na.ssl-images-amazon.com/images/S/compressed.photo.goodreads.com/books/1383718290i/13079982.jpg,3.97,"Sixty years after its original publication, Ray Bradbury’s internationally acclaimed novel Fahrenheit 451 stands as a classic of world literature set in a bleak, dystopian future. Today its message has grown more relevant than ever before.Guy Montag is a fireman. His job is to destroy the most illegal of commodities, the printed book, along with the houses in which they are hidden. Montag never questions the destruction and ruin his actions produce, returning each day to his bland life and wife, Mildred, who spends all day with her television “family.” But when he meets an eccentric young neighbor, Clarisse, who introduces him to a past where people didn’t live in fear and to a present where one sees the world through the ideas in books instead of the mindless chatter of television, Montag begins to question everything he has ever known.","Classics,Fiction,Science Fiction,Dystopia,School,Literature,Novels",194,6 hours 28 minutes,
title,author,url,cover_url,rating,summary,genres,number_of_pages,time,amazon_link
Fahrenheit 451,Ray Bradbury,https://www.goodreads.com/book/show/13079982-fahrenheit-451,https://images-na.ssl-images-amazon.com/images/S/compressed.photo.goodreads.com/books/1383718290i/13079982.jpg,3.97,"Sixty years after its original publication, Ray Bradbury’s internationally acclaimed novel Fahrenheit 451 stands as a classic of world literature set in a bleak, dystopian future. Today its message has grown more relevant than ever before.Guy Montag is a fireman. His job is to destroy the most illegal of commodities, the printed book, along with the houses in which they are hidden. Montag never questions the destruction and ruin his actions produce, returning each day to his bland life and wife, Mildred, who spends all day with her television “family.” But when he meets an eccentric young neighbor, Clarisse, who introduces him to a past where people didn’t live in fear and to a present where one sees the world through the ideas in books instead of the mindless chatter of television, Montag begins to question everything he has ever known.","Classics,Fiction,Science Fiction,Dystopia,School,Literature,Novels",194,6 hours 28 minutes,
"Ender’s Game (Ender's Saga, #1)",Orson Scott Card,https://www.goodreads.com/book/show/375802.Ender_s_Game,https://images-na.ssl-images-amazon.com/images/S/compressed.photo.goodreads.com/books/1408303130i/375802.jpg,4.31,"Andrew ""Ender"" Wiggin thinks he is playing computer simulated war games; he is, in fact, engaged in something far more desperate. The result of genetic experimentation, Ender may be the military genius Earth desperately needs in a war against an alien enemy seeking to destroy all human life. The only way to find out is to throw Ender into ever harsher training, to chip away and find the diamond inside, or destroy him utterly. Ender Wiggin is six years old when it begins. He will grow up fast.But Ender is not the only result of the experiment. The war with the Buggers has been raging for a hundred years, and the quest for the perfect general has been underway almost as long. Ender's two older siblings, Peter and Valentine, are every bit as unusual as he is, but in very different ways. While Peter was too uncontrollably violent, Valentine very nearly lacks the capability for violence altogether. Neither was found suitable for the military's purpose. But they are driven by their jealousy of Ender, and by their inbred drive for power. Peter seeks to control the political process, to become a ruler. Valentine's abilities turn more toward the subtle control of the beliefs of commoner and elite alike, through powerfully convincing essays. Hiding their youth and identities behind the anonymity of the computer networks, these two begin working together to shape the destiny of Earth-an Earth that has no future at all if their brother Ender fails.","Science Fiction,Fiction,Young Adult,Fantasy,Classics,Science Fiction Fantasy,Dystopia",324,10 hours 48 minutes,
"The Hitchhiker's Guide to the Galaxy (The Hitchhiker's Guide to the Galaxy, #1)",Douglas Adams,https://www.goodreads.com/book/show/386162.The_Hitchhiker_s_Guide_to_the_Galaxy,https://images-na.ssl-images-amazon.com/images/S/compressed.photo.goodreads.com/books/1559986152l/386162.jpg,4.23,"Seconds before the Earth is demolished to make way for a galactic freeway, Arthur Dent is plucked off the planet by his friend Ford Prefect, a researcher for the revised edition of The Hitchhiker's Guide to the Galaxy who, for the last fifteen years, has been posing as an out-of-work actor.Together this dynamic pair begin a journey through space aided by quotes from The Hitchhiker's Guide (""A towel is about the most massively useful thing an interstellar hitchhiker can have"") and a galaxy-full of fellow travelers: Zaphod Beeblebrox--the two-headed, three-armed ex-hippie and totally out-to-lunch president of the galaxy; Trillian, Zaphod's girlfriend (formally Tricia McMillan), whom Arthur tried to pick up at a cocktail party once upon a time zone; Marvin, a paranoid, brilliant, and chronically depressed robot; Veet Voojagig, a former graduate student who is obsessed with the disappearance of all the ballpoint pens he bought over the years.Where are these pens? Why are we born? Why do we die? Why do we spend so much time between wearing digital watches? For all the answers stick your thumb to the stars. And don't forget to bring a towel!","Science Fiction,Fiction,Humor,Fantasy,Comedy,Science Fiction Fantasy,Audiobook",193,6 hours 26 minutes,
1984,George Orwell,https://www.goodreads.com/book/show/61439040-1984,https://images-na.ssl-images-amazon.com/images/S/compressed.photo.goodreads.com/books/1657781256i/61439040.jpg,4.19,"The new novel by George Orwell is the major work towards which all his previous writing has pointed. Critics have hailed it as his ""most solid, most brilliant"" work. Though the story of Nineteen Eighty-Four takes place thirty-five years hence, it is in every sense timely. The scene is London, where there has been no new housing since 1950 and where the city-wide slums are called Victory Mansions. Science has abandoned Man for the State. As every citizen knows only too well, war is peace.To Winston Smith, a young man who works in the Ministry of Truth (Minitru for short), come two people who transform this life completely. One is Julia, whom he meets after she hands him a slip reading, ""I love you."" The other is O'Brien, who tells him, ""We shall meet in the place where there is no darkness."" The way in which Winston is betrayed by the one and, against his own desires and instincts, ultimately betrays the other, makes a story of mounting drama and suspense.Alternate cover edition can be found here.","Classics,Fiction,Science Fiction,Dystopia,Literature,Politics,Novels",368,12 hours 16 minutes,
"Dune (Dune, #1)",Frank Herbert,https://www.goodreads.com/book/show/44767458-dune,https://images-na.ssl-images-amazon.com/images/S/compressed.photo.goodreads.com/books/1555447414i/44767458.jpg,4.26,"Set on the desert planet Arrakis, Dune is the story of the boy Paul Atreides, heir to a noble family tasked with ruling an inhospitable world where the only thing of value is the “spice” melange, a drug capable of extending life and enhancing consciousness. Coveted across the known universe, melange is a prize worth killing for...When House Atreides is betrayed, the destruction of Paul’s family will set the boy on a journey toward a destiny greater than he could ever have imagined. And as he evolves into the mysterious man known as Muad’Dib, he will bring to fruition humankind’s most ancient and unattainable dream.***Original, first edition from 1965 can be found here.","Science Fiction,Fiction,Fantasy,Classics,Science Fiction Fantasy,Audiobook,Space Opera",658,21 hours 56 minutes,
title,author,url,cover_url,rating,summary,genres,number_of_pages,time,amazon_link
"The Hitchhiker's Guide to the Galaxy (The Hitchhiker's Guide to the Galaxy, #1)",Douglas Adams,https://www.goodreads.com/book/show/386162.The_Hitchhiker_s_Guide_to_the_Galaxy,https://images-na.ssl-images-amazon.com/images/S/compressed.photo.goodreads.com/books/1559986152l/386162.jpg,4.23,"Seconds before the Earth is demolished to make way for a galactic freeway, Arthur Dent is plucked off the planet by his friend Ford Prefect, a researcher for the revised edition of The Hitchhiker's Guide to the Galaxy who, for the last fifteen years, has been posing as an out-of-work actor.Together this dynamic pair begin a journey through space aided by quotes from The Hitchhiker's Guide (""A towel is about the most massively useful thing an interstellar hitchhiker can have"") and a galaxy-full of fellow travelers: Zaphod Beeblebrox--the two-headed, three-armed ex-hippie and totally out-to-lunch president of the galaxy; Trillian, Zaphod's girlfriend (formally Tricia McMillan), whom Arthur tried to pick up at a cocktail party once upon a time zone; Marvin, a paranoid, brilliant, and chronically depressed robot; Veet Voojagig, a former graduate student who is obsessed with the disappearance of all the ballpoint pens he bought over the years.Where are these pens? Why are we born? Why do we die? Why do we spend so much time between wearing digital watches? For all the answers stick your thumb to the stars. And don't forget to bring a towel!","Science Fiction,Fiction,Humor,Fantasy,Comedy,Science Fiction Fantasy,Audiobook",193,6 hours 26 minutes,
Fahrenheit 451,Ray Bradbury,https://www.goodreads.com/book/show/13079982-fahrenheit-451,https://images-na.ssl-images-amazon.com/images/S/compressed.photo.goodreads.com/books/1383718290i/13079982.jpg,3.97,"Sixty years after its original publication, Ray Bradbury’s internationally acclaimed novel Fahrenheit 451 stands as a classic of world literature set in a bleak, dystopian future. Today its message has grown more relevant than ever before.Guy Montag is a fireman. His job is to destroy the most illegal of commodities, the printed book, along with the houses in which they are hidden. Montag never questions the destruction and ruin his actions produce, returning each day to his bland life and wife, Mildred, who spends all day with her television “family.” But when he meets an eccentric young neighbor, Clarisse, who introduces him to a past where people didn’t live in fear and to a present where one sees the world through the ideas in books instead of the mindless chatter of television, Montag begins to question everything he has ever known.","Classics,Fiction,Science Fiction,Dystopia,School,Literature,Novels",194,6 hours 28 minutes,
"Dune (Dune, #1)",Frank Herbert,https://www.goodreads.com/book/show/44767458-dune,https://images-na.ssl-images-amazon.com/images/S/compressed.photo.goodreads.com/books/1555447414i/44767458.jpg,4.26,"Set on the desert planet Arrakis, Dune is the story of the boy Paul Atreides, heir to a noble family tasked with ruling an inhospitable world where the only thing of value is the “spice” melange, a drug capable of extending life and enhancing consciousness. Coveted across the known universe, melange is a prize worth killing for...When House Atreides is betrayed, the destruction of Paul’s family will set the boy on a journey toward a destiny greater than he could ever have imagined. And as he evolves into the mysterious man known as Muad’Dib, he will bring to fruition humankind’s most ancient and unattainable dream.***Original, first edition from 1965 can be found here.","Science Fiction,Fiction,Fantasy,Classics,Science Fiction Fantasy,Audiobook,Space Opera",658,21 hours 56 minutes,
1984,George Orwell,https://www.goodreads.com/book/show/61439040-1984,https://images-na.ssl-images-amazon.com/images/S/compressed.photo.goodreads.com/books/1657781256i/61439040.jpg,4.19,"The new novel by George Orwell is the major work towards which all his previous writing has pointed. Critics have hailed it as his ""most solid, most brilliant"" work. Though the story of Nineteen Eighty-Four takes place thirty-five years hence, it is in every sense timely. The scene is London, where there has been no new housing since 1950 and where the city-wide slums are called Victory Mansions. Science has abandoned Man for the State. As every citizen knows only too well, war is peace.To Winston Smith, a young man who works in the Ministry of Truth (Minitru for short), come two people who transform this life completely. One is Julia, whom he meets after she hands him a slip reading, ""I love you."" The other is O'Brien, who tells him, ""We shall meet in the place where there is no darkness."" The way in which Winston is betrayed by the one and, against his own desires and instincts, ultimately betrays the other, makes a story of mounting drama and suspense.Alternate cover edition can be found here.","Classics,Fiction,Science Fiction,Dystopia,Literature,Politics,Novels",368,12 hours 16 minutes,
"Ender’s Game (Ender's Saga, #1)",Orson Scott Card,https://www.goodreads.com/book/show/375802.Ender_s_Game,https://images-na.ssl-images-amazon.com/images/S/compressed.photo.goodreads.com/books/1408303130i/375802.jpg,4.31,"Andrew ""Ender"" Wiggin thinks he is playing computer simulated war games; he is, in fact, engaged in something far more desperate. The result of genetic experimentation, Ender may be the military genius Earth desperately needs in a war against an alien enemy seeking to destroy all human life. The only way to find out is to throw Ender into ever harsher training, to chip away and find the diamond inside, or destroy him utterly. Ender Wiggin is six years old when it begins. He will grow up fast.But Ender is not the only result of the experiment. The war with the Buggers has been raging for a hundred years, and the quest for the perfect general has been underway almost as long. Ender's two older siblings, Peter and Valentine, are every bit as unusual as he is, but in very different ways. While Peter was too uncontrollably violent, Valentine very nearly lacks the capability for violence altogether. Neither was found suitable for the military's purpose. But they are driven by their jealousy of Ender, and by their inbred drive for power. Peter seeks to control the political process, to become a ruler. Valentine's abilities turn more toward the subtle control of the beliefs of commoner and elite alike, through powerfully convincing essays. Hiding their youth and identities behind the anonymity of the computer networks, these two begin working together to shape the destiny of Earth-an Earth that has no future at all if their brother Ender fails.","Science Fiction,Fiction,Young Adult,Fantasy,Classics,Science Fiction Fantasy,Dystopia",324,10 hours 48 minutes,
title,author,url,cover_url,rating,summary,genres,number_of_pages,time,amazon_link
Fahrenheit 451,Ray Bradbury,https://www.goodreads.com/book/show/13079982-fahrenheit-451,https://images-na.ssl-images-amazon.com/images/S/compressed.photo.goodreads.com/books/1383718290i/13079982.jpg,3.97,"Sixty years after its original publication, Ray Bradbury’s internationally acclaimed novel Fahrenheit 451 stands as a classic of world literature set in a bleak, dystopian future. Today its message has grown more relevant than ever before.Guy Montag is a fireman. His job is to destroy the most illegal of commodities, the printed book, along with the houses in which they are hidden. Montag never questions the destruction and ruin his actions produce, returning each day to his bland life and wife, Mildred, who spends all day with her television “family.” But when he meets an eccentric young neighbor, Clarisse, who introduces him to a past where people didn’t live in fear and to a present where one sees the world through the ideas in books instead of the mindless chatter of television, Montag begins to question everything he has ever known.","Classics,Fiction,Science Fiction,Dystopia,School,Literature,Novels",194,6 hours 28 minutes,
"Ender’s Game (Ender's Saga, #1)",Orson Scott Card,https://www.goodreads.com/book/show/375802.Ender_s_Game,https://images-na.ssl-images-amazon.com/images/S/compressed.photo.goodreads.com/books/1408303130i/375802.jpg,4.31,"Andrew ""Ender"" Wiggin thinks he is playing computer simulated war games; he is, in fact, engaged in something far more desperate. The result of genetic experimentation, Ender may be the military genius Earth desperately needs in a war against an alien enemy seeking to destroy all human life. The only way to find out is to throw Ender into ever harsher training, to chip away and find the diamond inside, or destroy him utterly. Ender Wiggin is six years old when it begins. He will grow up fast.But Ender is not the only result of the experiment. The war with the Buggers has been raging for a hundred years, and the quest for the perfect general has been underway almost as long. Ender's two older siblings, Peter and Valentine, are every bit as unusual as he is, but in very different ways. While Peter was too uncontrollably violent, Valentine very nearly lacks the capability for violence altogether. Neither was found suitable for the military's purpose. But they are driven by their jealousy of Ender, and by their inbred drive for power. Peter seeks to control the political process, to become a ruler. Valentine's abilities turn more toward the subtle control of the beliefs of commoner and elite alike, through powerfully convincing essays. Hiding their youth and identities behind the anonymity of the computer networks, these two begin working together to shape the destiny of Earth-an Earth that has no future at all if their brother Ender fails.","Science Fiction,Fiction,Young Adult,Fantasy,Classics,Science Fiction Fantasy,Dystopia",324,10 hours 48 minutes,
1984,George Orwell,https://www.goodreads.com/book/show/61439040-1984,https://images-na.ssl-images-amazon.com/images/S/compressed.photo.goodreads.com/books/1657781256i/61439040.jpg,4.19,"The new novel by George Orwell is the major work towards which all his previous writing has pointed. Critics have hailed it as his ""most solid, most brilliant"" work. Though the story of Nineteen Eighty-Four takes place thirty-five years hence, it is in every sense timely. The scene is London, where there has been no new housing since 1950 and where the city-wide slums are called Victory Mansions. Science has abandoned Man for the State. As every citizen knows only too well, war is peace.To Winston Smith, a young man who works in the Ministry of Truth (Minitru for short), come two people who transform this life completely. One is Julia, whom he meets after she hands him a slip reading, ""I love you."" The other is O'Brien, who tells him, ""We shall meet in the place where there is no darkness."" The way in which Winston is betrayed by the one and, against his own desires and instincts, ultimately betrays the other, makes a story of mounting drama and suspense.Alternate cover edition can be found here.","Classics,Fiction,Science Fiction,Dystopia,Literature,Politics,Novels",368,12 hours 16 minutes,
"The Hitchhiker's Guide to the Galaxy (The Hitchhiker's Guide to the Galaxy, #1)",Douglas Adams,https://www.goodreads.com/book/show/386162.The_Hitchhiker_s_Guide_to_the_Galaxy,https://images-na.ssl-images-amazon.com/images/S/compressed.photo.goodreads.com/books/1559986152l/386162.jpg,4.23,"Seconds before the Earth is demolished to make way for a galactic freeway, Arthur Dent is plucked off the planet by his friend Ford Prefect, a researcher for the revised edition of The Hitchhiker's Guide to the Galaxy who, for the last fifteen years, has been posing as an out-of-work actor.Together this dynamic pair begin a journey through space aided by quotes from The Hitchhiker's Guide (""A towel is about the most massively useful thing an interstellar hitchhiker can have"") and a galaxy-full of fellow travelers: Zaphod Beeblebrox--the two-headed, three-armed ex-hippie and totally out-to-lunch president of the galaxy; Trillian, Zaphod's girlfriend (formally Tricia McMillan), whom Arthur tried to pick up at a cocktail party once upon a time zone; Marvin, a paranoid, brilliant, and chronically depressed robot; Veet Voojagig, a former graduate student who is obsessed with the disappearance of all the ballpoint pens he bought over the years.Where are these pens? Why are we born? Why do we die? Why do we spend so much time between wearing digital watches? For all the answers stick your thumb to the stars. And don't forget to bring a towel!","Science Fiction,Fiction,Humor,Fantasy,Comedy,Science Fiction Fantasy,Audiobook",193,6 hours 26 minutes,
"Dune (Dune, #1)",Frank Herbert,https://www.goodreads.com/book/show/44767458-dune,https://images-na.ssl-images-amazon.com/images/S/compressed.photo.goodreads.com/books/1555447414i/44767458.jpg,4.26,"Set on the desert planet Arrakis, Dune is the story of the boy Paul Atreides, heir to a noble family tasked with ruling an inhospitable world where the only thing of value is the “spice” melange, a drug capable of extending life and enhancing consciousness. Coveted across the known universe, melange is a prize worth killing for...When House Atreides is betrayed, the destruction of Paul’s family will set the boy on a journey toward a destiny greater than he could ever have imagined. And as he evolves into the mysterious man known as Muad’Dib, he will bring to fruition humankind’s most ancient and unattainable dream.***Original, first edition from 1965 can be found here.","Science Fiction,Fiction,Fantasy,Classics,Science Fiction Fantasy,Audiobook,Space Opera",658,21 hours 56 minutes,
title,author,url,cover_url,rating,summary,genres,number_of_pages,time,amazon_link
"Dune (Dune, #1)",Frank Herbert,https://www.goodreads.com/book/show/44767458-dune,https://images-na.ssl-images-amazon.com/images/S/compressed.photo.goodreads.com/books/1555447414i/44767458.jpg,4.26,"Set on the desert planet Arrakis, Dune is the story of the boy Paul Atreides, heir to a noble family tasked with ruling an inhospitable world where the only thing of value is the “spice” melange, a drug capable of extending life and enhancing consciousness. Coveted across the known universe, melange is a prize worth killing for...When House Atreides is betrayed, the destruction of Paul’s family will set the boy on a journey toward a destiny greater than he could ever have imagined. And as he evolves into the mysterious man known as Muad’Dib, he will bring to fruition humankind’s most ancient and unattainable dream.***Original, first edition from 1965 can be found here.","Science Fiction,Fiction,Fantasy,Classics,Science Fiction Fantasy,Audiobook,Space Opera",658,21 hours 56 minutes,
Fahrenheit 451,Ray Bradbury,https://www.goodreads.com/book/show/13079982-fahrenheit-451,https://images-na.ssl-images-amazon.com/images/S/compressed.photo.goodreads.com/books/1383718290i/13079982.jpg,3.97,"Sixty years after its original publication, Ray Bradbury’s internationally acclaimed novel Fahrenheit 451 stands as a classic of world literature set in a bleak, dystopian future. Today its message has grown more relevant than ever before.Guy Montag is a fireman. His job is to destroy the most illegal of commodities, the printed book, along with the houses in which they are hidden. Montag never questions the destruction and ruin his actions produce, returning each day to his bland life and wife, Mildred, who spends all day with her television “family.” But when he meets an eccentric young neighbor, Clarisse, who introduces him to a past where people didn’t live in fear and to a present where one sees the world through the ideas in books instead of the mindless chatter of television, Montag begins to question everything he has ever known.","Classics,Fiction,Science Fiction,Dystopia,School,Literature,Novels",194,6 hours 28 minutes,
"Ender’s Game (Ender's Saga, #1)",Orson Scott Card,https://www.goodreads.com/book/show/375802.Ender_s_Game,https://images-na.ssl-images-amazon.com/images/S/compressed.photo.goodreads.com/books/1408303130i/375802.jpg,4.31,"Andrew ""Ender"" Wiggin thinks he is playing computer simulated war games; he is, in fact, engaged in something far more desperate. The result of genetic experimentation, Ender may be the military genius Earth desperately needs in a war against an alien enemy seeking to destroy all human life. The only way to find out is to throw Ender into ever harsher training, to chip away and find the diamond inside, or destroy him utterly. Ender Wiggin is six years old when it begins. He will grow up fast.But Ender is not the only result of the experiment. The war with the Buggers has been raging for a hundred years, and the quest for the perfect general has been underway almost as long. Ender's two older siblings, Peter and Valentine, are every bit as unusual as he is, but in very different ways. While Peter was too uncontrollably violent, Valentine very nearly lacks the capability for violence altogether. Neither was found suitable for the military's purpose. But they are driven by their jealousy of Ender, and by their inbred drive for power. Peter seeks to control the political process, to become a ruler. Valentine's abilities turn more toward the subtle control of the beliefs of commoner and elite alike, through powerfully convincing essays. Hiding their youth and identities behind the anonymity of the computer networks, these two begin working together to shape the destiny of Earth-an Earth that has no future at all if their brother Ender fails.","Science Fiction,Fiction,Young Adult,Fantasy,Classics,Science Fiction Fantasy,Dystopia",324,10 hours 48 minutes,
"The Hitchhiker's Guide to the Galaxy (The Hitchhiker's Guide to the Galaxy, #1)",Douglas Adams,https://www.goodreads.com/book/show/386162.The_Hitchhiker_s_Guide_to_the_Galaxy,https://images-na.ssl-images-amazon.com/images/S/compressed.photo.goodreads.com/books/1559986152l/386162.jpg,4.23,"Seconds before the Earth is demolished to make way for a galactic freeway, Arthur Dent is plucked off the planet by his friend Ford Prefect, a researcher for the revised edition of The Hitchhiker's Guide to the Galaxy who, for the last fifteen years, has been posing as an out-of-work actor.Together this dynamic pair begin a journey through space aided by quotes from The Hitchhiker's Guide (""A towel is about the most massively useful thing an interstellar hitchhiker can have"") and a galaxy-full of fellow travelers: Zaphod Beeblebrox--the two-headed, three-armed ex-hippie and totally out-to-lunch president of the galaxy; Trillian, Zaphod's girlfriend (formally Tricia McMillan), whom Arthur tried to pick up at a cocktail party once upon a time zone; Marvin, a paranoid, brilliant, and chronically depressed robot; Veet Voojagig, a former graduate student who is obsessed with the disappearance of all the ballpoint pens he bought over the years.Where are these pens? Why are we born? Why do we die? Why do we spend so much time between wearing digital watches? For all the answers stick your thumb to the stars. And don't forget to bring a towel!","Science Fiction,Fiction,Humor,Fantasy,Comedy,Science Fiction Fantasy,Audiobook",193,6 hours 26 minutes,
1984,George Orwell,https://www.goodreads.com/book/show/61439040-1984,https://images-na.ssl-images-amazon.com/images/S/compressed.photo.goodreads.com/books/1657781256i/61439040.jpg,4.19,"The new novel by George Orwell is the major work towards which all his previous writing has pointed. Critics have hailed it as his ""most solid, most brilliant"" work. Though the story of Nineteen Eighty-Four takes place thirty-five years hence, it is in every sense timely. The scene is London, where there has been no new housing since 1950 and where the city-wide slums are called Victory Mansions. Science has abandoned Man for the State. As every citizen knows only too well, war is peace.To Winston Smith, a young man who works in the Ministry of Truth (Minitru for short), come two people who transform this life completely. One is Julia, whom he meets after she hands him a slip reading, ""I love you."" The other is O'Brien, who tells him, ""We shall meet in the place where there is no darkness."" The way in which Winston is betrayed by the one and, against his own desires and instincts, ultimately betrays the other, makes a story of mounting drama and suspense.Alternate cover edition can be found here.","Classics,Fiction,Science Fiction,Dystopia,Literature,Politics,Novels",368,12 hours 16 minutes,
title,author,url,cover_url,rating,summary,genres,number_of_pages,time,amazon_link
"Dune (Dune, #1)",Frank Herbert,https://www.goodreads.com/book/show/44767458-dune,https://images-na.ssl-images-amazon.com/images/S/compressed.photo.goodreads.com/books/1555447414i/44767458.jpg,4.26,"Set on the desert planet Arrakis, Dune is the story of the boy Paul Atreides, heir to a noble family tasked with ruling an inhospitable world where the only thing of value is the “spice” melange, a drug capable of extending life and enhancing consciousness. Coveted across the known universe, melange is a prize worth killing for...When House Atreides is betrayed, the destruction of Paul’s family will set the boy on a journey toward a destiny greater than he could ever have imagined. And as he evolves into the mysterious man known as Muad’Dib, he will bring to fruition humankind’s most ancient and unattainable dream.***Original, first edition from 1965 can be found here.","Science Fiction,Fiction,Fantasy,Classics,Science Fiction Fantasy,Audiobook,Space Opera",658,21 hours 56 minutes,
1984,George Orwell,https://www.goodreads.com/book/show/61439040-1984,https://images-na.ssl-images-amazon.com/images/S/compressed.photo.goodreads.com/books/1657781256i/61439040.jpg,4.19,"The new novel by George Orwell is the major work towards which all his previous writing has pointed. Critics have hailed it as his ""most solid, most brilliant"" work. Though the story of Nineteen Eighty-Four takes place thirty-five years hence, it is in every sense timely. The scene is London, where there has been no new housing since 1950 and where the city-wide slums are called Victory Mansions. Science has abandoned Man for the State. As every citizen knows only too well, war is peace.To Winston Smith, a young man who works in the Ministry of Truth (Minitru for short), come two people who transform this life completely. One is Julia, whom he meets after she hands him a slip reading, ""I love you."" The other is O'Brien, who tells him, ""We shall meet in the place where there is no darkness."" The way in which Winston is betrayed by the one and, against his own desires and instincts, ultimately betrays the other, makes a story of mounting drama and suspense.Alternate cover edition can be found here.","Classics,Fiction,Science Fiction,Dystopia,Literature,Politics,Novels",368,12 hours 16 minutes,
"The Hitchhiker's Guide to the Galaxy (The Hitchhiker's Guide to the Galaxy, #1)",Douglas Adams,https://www.goodreads.com/book/show/386162.The_Hitchhiker_s_Guide_to_the_Galaxy,https://images-na.ssl-images-amazon.com/images/S/compressed.photo.goodreads.com/books/1559986152l/386162.jpg,4.23,"Seconds before the Earth is demolished to make way for a galactic freeway, Arthur Dent is plucked off the planet by his friend Ford Prefect, a researcher for the revised edition of The Hitchhiker's Guide to the Galaxy who, for the last fifteen years, has been posing as an out-of-work actor.Together this dynamic pair begin a journey through space aided by quotes from The Hitchhiker's Guide (""A towel is about the most massively useful thing an interstellar hitchhiker can have"") and a galaxy-full of fellow travelers: Zaphod Beeblebrox--the two-headed, three-armed ex-hippie and totally out-to-lunch president of the galaxy; Trillian, Zaphod's girlfriend (formally Tricia McMillan), whom Arthur tried to pick up at a cocktail party once upon a time zone; Marvin, a paranoid, brilliant, and chronically depressed robot; Veet Voojagig, a former graduate student who is obsessed with the disappearance of all the ballpoint pens he bought over the years.Where are these pens? Why are we born? Why do we die? Why do we spend so much time between wearing digital watches? For all the answers stick your thumb to the stars. And don't forget to bring a towel!","Science Fiction,Fiction,Humor,Fantasy,Comedy,Science Fiction Fantasy,Audiobook",193,6 hours 26 minutes,
"Ender’s Game (Ender's Saga, #1)",Orson Scott Card,https://www.goodreads.com/book/show/375802.Ender_s_Game,https://images-na.ssl-images-amazon.com/images/S/compressed.photo.goodreads.com/books/1408303130i/375802.jpg,4.31,"Andrew ""Ender"" Wiggin thinks he is playing computer simulated war games; he is, in fact, engaged in something far more desperate. The result of genetic experimentation, Ender may be the military genius Earth desperately needs in a war against an alien enemy seeking to destroy all human life. The only way to find out is to throw Ender into ever harsher training, to chip away and find the diamond inside, or destroy him utterly. Ender Wiggin is six years old when it begins. He will grow up fast.But Ender is not the only result of the experiment. The war with the Buggers has been raging for a hundred years, and the quest for the perfect general has been underway almost as long. Ender's two older siblings, Peter and Valentine, are every bit as unusual as he is, but in very different ways. While Peter was too uncontrollably violent, Valentine very nearly lacks the capability for violence altogether. Neither was found suitable for the military's purpose. But they are driven by their jealousy of Ender, and by their inbred drive for power. Peter seeks to control the political process, to become a ruler. Valentine's abilities turn more toward the subtle control of the beliefs of commoner and elite alike, through powerfully convincing essays. Hiding their youth and identities behind the anonymity of the computer networks, these two begin working together to shape the destiny of Earth-an Earth that has no future at all if their brother Ender fails.","Science Fiction,Fiction,Young Adult,Fantasy,Classics,Science Fiction Fantasy,Dystopia",324,10 hours 48 minutes,
Fahrenheit 451,Ray Bradbury,https://www.goodreads.com/book/show/13079982-fahrenheit-451,https://images-na.ssl-images-amazon.com/images/S/compressed.photo.goodreads.com/books/1383718290i/13079982.jpg,3.97,"Sixty years after its original publication, Ray Bradbury’s internationally acclaimed novel Fahrenheit 451 stands as a classic of world literature set in a bleak, dystopian future. Today its message has grown more relevant than ever before.Guy Montag is a fireman. His job is to destroy the most illegal of commodities, the printed book, along with the houses in which they are hidden. Montag never questions the destruction and ruin his actions produce, returning each day to his bland life and wife, Mildred, who spends all day with her television “family.” But when he meets an eccentric young neighbor, Clarisse, who introduces him to a past where people didn’t live in fear and to a present where one sees the world through the ideas in books instead of the mindless chatter of television, Montag begins to question everything he has ever known.","Classics,Fiction,Science Fiction,Dystopia,School,Literature,Novels",194,6 hours 28 minutes,
title,author,url,cover_url,rating,summary,genres,number_of_pages,time,amazon_link
"Dune (Dune, #1)",Frank Herbert,https://www.goodreads.com/book/show/44767458-dune,https://images-na.ssl-images-amazon.com/images/S/compressed.photo.goodreads.com/books/1555447414i/44767458.jpg,4.26,"Set on the desert planet Arrakis, Dune is the story of the boy Paul Atreides, heir to a noble family tasked with ruling an inhospitable world where the only thing of value is the “spice” melange, a drug capable of extending life and enhancing consciousness. Coveted across the known universe, melange is a prize worth killing for...When House Atreides is betrayed, the destruction of Paul’s family will set the boy on a journey toward a destiny greater than he could ever have imagined. And as he evolves into the mysterious man known as Muad’Dib, he will bring to fruition humankind’s most ancient and unattainable dream.***Original, first edition from 1965 can be found here.","Science Fiction,Fiction,Fantasy,Classics,Science Fiction Fantasy,Audiobook,Space Opera",658,21 hours 56 minutes,
"The Hitchhiker's Guide to the Galaxy (The Hitchhiker's Guide to the Galaxy, #1)",Douglas Adams,https://www.goodreads.com/book/show/386162.The_Hitchhiker_s_Guide_to_the_Galaxy,https://images-na.ssl-images-amazon.com/images/S/compressed.photo.goodreads.com/books/1559986152l/386162.jpg,4.23,"Seconds before the Earth is demolished to make way for a galactic freeway, Arthur Dent is plucked off the planet by his friend Ford Prefect, a researcher for the revised edition of The Hitchhiker's Guide to the Galaxy who, for the last fifteen years, has been posing as an out-of-work actor.Together this dynamic pair begin a journey through space aided by quotes from The Hitchhiker's Guide (""A towel is about the most massively useful thing an interstellar hitchhiker can have"") and a galaxy-full of fellow travelers: Zaphod Beeblebrox--the two-headed, three-armed ex-hippie and totally out-to-lunch president of the galaxy; Trillian, Zaphod's girlfriend (formally Tricia McMillan), whom Arthur tried to pick up at a cocktail party once upon a time zone; Marvin, a paranoid, brilliant, and chronically depressed robot; Veet Voojagig, a former graduate student who is obsessed with the disappearance of all the ballpoint pens he bought over the years.Where are these pens? Why are we born? Why do we die? Why do we spend so much time between wearing digital watches? For all the answers stick your thumb to the stars. And don't forget to bring a towel!","Science Fiction,Fiction,Humor,Fantasy,Comedy,Science Fiction Fantasy,Audiobook",193,6 hours 26 minutes,
1984,George Orwell,https://www.goodreads.com/book/show/61439040-1984,https://images-na.ssl-images-amazon.com/images/S/compressed.photo.goodreads.com/books/1657781256i/61439040.jpg,4.19,"The new novel by George Orwell is the major work towards which all his previous writing has pointed. Critics have hailed it as his ""most solid, most brilliant"" work. Though the story of Nineteen Eighty-Four takes place thirty-five years hence, it is in every sense timely. The scene is London, where there has been no new housing since 1950 and where the city-wide slums are called Victory Mansions. Science has abandoned Man for the State. As every citizen knows only too well, war is peace.To Winston Smith, a young man who works in the Ministry of Truth (Minitru for short), come two people who transform this life completely. One is Julia, whom he meets after she hands him a slip reading, ""I love you."" The other is O'Brien, who tells him, ""We shall meet in the place where there is no darkness."" The way in which Winston is betrayed by the one and, against his own desires and instincts, ultimately betrays the other, makes a story of mounting drama and suspense.Alternate cover edition can be found here.","Classics,Fiction,Science Fiction,Dystopia,Literature,Politics,Novels",368,12 hours 16 minutes,
"Ender’s Game (Ender's Saga, #1)",Orson Scott Card,https://www.goodreads.com/book/show/375802.Ender_s_Game,https://images-na.ssl-images-amazon.com/images/S/compressed.photo.goodreads.com/books/1408303130i/375802.jpg,4.31,"Andrew ""Ender"" Wiggin thinks he is playing computer simulated war games; he is, in fact, engaged in something far more desperate. The result of genetic experimentation, Ender may be the military genius Earth desperately needs in a war against an alien enemy seeking to destroy all human life. The only way to find out is to throw Ender into ever harsher training, to chip away and find the diamond inside, or destroy him utterly. Ender Wiggin is six years old when it begins. He will grow up fast.But Ender is not the only result of the experiment. The war with the Buggers has been raging for a hundred years, and the quest for the perfect general has been underway almost as long. Ender's two older siblings, Peter and Valentine, are every bit as unusual as he is, but in very different ways. While Peter was too uncontrollably violent, Valentine very nearly lacks the capability for violence altogether. Neither was found suitable for the military's purpose. But they are driven by their jealousy of Ender, and by their inbred drive for power. Peter seeks to control the political process, to become a ruler. Valentine's abilities turn more toward the subtle control of the beliefs of commoner and elite alike, through powerfully convincing essays. Hiding their youth and identities behind the anonymity of the computer networks, these two begin working together to shape the destiny of Earth-an Earth that has no future at all if their brother Ender fails.","Science Fiction,Fiction,Young Adult,Fantasy,Classics,Science Fiction Fantasy,Dystopia",324,10 hours 48 minutes,
Fahrenheit 451,Ray Bradbury,https://www.goodreads.com/book/show/13079982-fahrenheit-451,https://images-na.ssl-images-amazon.com/images/S/compressed.photo.goodreads.com/books/1383718290i/13079982.jpg,3.97,"Sixty years after its original publication, Ray Bradbury’s internationally acclaimed novel Fahrenheit 451 stands as a classic of world literature set in a bleak, dystopian future. Today its message has grown more relevant than ever before.Guy Montag is a fireman. His job is to destroy the most illegal of commodities, the printed book, along with the houses in which they are hidden. Montag never questions the destruction and ruin his actions produce, returning each day to his bland life and wife, Mildred, who spends all day with her television “family.” But when he meets an eccentric young neighbor, Clarisse, who introduces him to a past where people didn’t live in fear and to a present where one sees the world through the ideas in books instead of the mindless chatter of television, Montag begins to question everything he has ever known.","Classics,Fiction,Science Fiction,Dystopia,School,Literature,Novels",194,6 hours 28 minutes,
